expertid,expertfirstname,expertlastname,firm,phonenumber,email,workexperience_years
JoannM,Joanne,Martin,soylent,3923566711,joanne.martin@soylent.com,4
EriA,Eric,Alsop,WildEarth,7654367645,eric.alsop@wildearth.com,3
BoriM,Boris,McDonald,NatureBox,7857232767,boris.mcdonald@naturebox.com,3
RicharC,Richard,Carr,InsideTracker,8338450050,richard.carr@insidetracker.com,3
ZoL,Zoe,Lambert,soylent,7705095244,zoe.lambert@soylent.com,6
ThomaP,Thomas,Pullman,Lonza,8212836491,thomas.pullman@lonza.com,1
DonnG,Donna,Greene,Helix,9369747698,donna.greene@helix.com,8
RoberW,Robert,Watson,Vitagene,6436278068,robert.watson@vitagene.com,4
JameD,James,Dowd,WildEarth,4669892375,james.dowd@wildearth.com,5
WandG,Wanda,Glover,NatureBox,6722851728,wanda.glover@naturebox.com,5
AndreR,Andrea,Ross,InsideTracker,5637305749,andrea.ross@insidetracker.com,4
ChristiaB,Christian,Buckland,soylent,4002201374,christian.buckland@soylent.com,6
DaY,Dan,Young,Lonza,9429796141,dan.young@lonza.com,9
VirginiH,Virginia,Howard,Helix,3196588985,virginia.howard@helix.com,10
RacheJ,Rachel,Jackson,Vitagene,9866239174,rachel.jackson@vitagene.com,8
DaW,Dan,Walsh,WildEarth,6254029604,dan.walsh@wildearth.com,8
OliveC,Oliver,Coleman,NatureBox,3622584775,oliver.coleman@naturebox.com,4
FaitJ,Faith,James,InsideTracker,4683228809,faith.james@insidetracker.com,4
MichaeH,Michael,Henderson,soylent,4247009458,michael.henderson@soylent.com,9
SophiD,Sophie,Dickens,Lonza,5654724252,sophie.dickens@lonza.com,9
SimoB,Simon,Berry,Helix,3936432727,simon.berry@helix.com,7
HeatheD,Heather,Duncan,Vitagene,9606815924,heather.duncan@vitagene.com,10
TheresV,Theresa,Vance,WildEarth,6086426904,theresa.vance@wildearth.com,7
IsaaP,Isaac,Payne,WildEarth,7635245900,isaac.payne@wildearth.com,1
IsaaR,Isaac,Reid,WildEarth,3103693349,isaac.reid@wildearth.com,3
LaureS,Lauren,Stewart,WildEarth,3579275066,lauren.stewart@wildearth.com,4
JessicP,Jessica,Powell,WildEarth,2773909723,jessica.powell@wildearth.com,10
AndreK,Andrew,Kerr,WildEarth,7762386196,andrew.kerr@wildearth.com,5
JasoS,Jason,Skinner,WildEarth,4444122060,jason.skinner@wildearth.com,4
RacheW,Rachel,Walsh,WildEarth,8248024575,rachel.walsh@wildearth.com,7
RyaW,Ryan,Welch,WildEarth,7014370540,ryan.welch@wildearth.com,5
AnnP,Anna,Pullman,WildEarth,8465150791,anna.pullman@wildearth.com,1
RyaH,Ryan,Hill,WildEarth,3348874620,ryan.hill@wildearth.com,7
EmilV,Emily,Vaughan,WildEarth,8399758829,emily.vaughan@wildearth.com,4
LukM,Luke,Marshall,WildEarth,9353243638,luke.marshall@wildearth.com,2
FionP,Fiona,Peters,WildEarth,6318759580,fiona.peters@wildearth.com,6
AmandB,Amanda,Burgess,WildEarth,6302458244,amanda.burgess@wildearth.com,4
PauS,Paul,Skinner,WildEarth,2712208376,paul.skinner@wildearth.com,2
LeaA,Leah,Arnold,WildEarth,9247616439,leah.arnold@wildearth.com,2
PierB,Piers,Bower,WildEarth,8563343076,piers.bower@wildearth.com,1
AustiB,Austin,Bower,WildEarth,7183467668,austin.bower@wildearth.com,2
DeirdrD,Deirdre,Dickens,WildEarth,5623799435,deirdre.dickens@wildearth.com,9
TraceS,Tracey,Slater,WildEarth,3967956772,tracey.slater@wildearth.com,2
FelicitH,Felicity,Hamilton,WildEarth,9925437562,felicity.hamilton@wildearth.com,8
AngelF,Angela,Ferguson,WildEarth,8276554634,angela.ferguson@wildearth.com,7
SeaD,Sean,Duncan,WildEarth,5006638569,sean.duncan@wildearth.com,3
JennifeM,Jennifer,Mackenzie,WildEarth,3459503798,jennifer.mackenzie@wildearth.com,2
JoshuY,Joshua,Young,Helix,2792988196,joshua.young@helix.com,2
EriP,Eric,Peters,Lonza,8257361246,eric.peters@lonza.com,2
KimberlC,Kimberly,Clark,NatureBox,3667005889,kimberly.clark@naturebox.com,2
AndreS,Andrea,Springer,Vitagene,3102624009,andrea.springer@vitagene.com,2
DylaA,Dylan,Avery,Helix,9247331317,grace.lawrence@lonza.com,3
NicholaJ,Nicholas,Jackson,Lonza,8014631656,nicholas.jackson@lonza.com,3
DeirdrJ,Deirdre,Johnston,NatureBox,3938776735,deirdre.johnston@naturebox.com,3
KeitC,Keith,Chapman,Vitagene,3908833425,keith.chapman@vitagene.com,3
NathaH,Nathan,Harris,Helix,8875998450,nathan.harris@helix.com,4
BrandoP,Brandon,Pullman,Lonza,6922606392,brandon.pullman@lonza.com,4
AdaD,Adam,Davidson,NatureBox,5765116768,adam.davidson@naturebox.com,4
LeaB,Leah,Black,Vitagene,4725647912,leah.black@vitagene.com,1
MatM,Matt,Murray,Helix,7843644956,matt.murray@helix.com,5
GracL,Grace,Lawrence,Lonza,8582058575,grace.lawrence@lonza.com,5
TheresM,Theresa,Manning,NatureBox,3142204418,theresa.manning@naturebox.com,5
MichaeS,Michael,Sharp,Vitagene,2677326614,michael.sharp@vitagene.com,2
JoshuH,Joshua,Henderson,Helix,6449657014,joshua.henderson@helix.com,6
BoriW,Boris,Watson,Lonza,5728337491,boris.watson@lonza.com,3
YvonnN,Yvonne,Nash,NatureBox,3474352591,yvonne.nash@naturebox.com,3
EdwarR,Edward,Rutherford,Vitagene,2667416805,edward.rutherford@vitagene.com,3
GabriellM,Gabrielle,Mackay,Helix,3882054887,gabrielle.mackay@helix.com,4
MichellB,Michelle,Black,Lonza,9139698297,michelle.black@lonza.com,2
SamanthG,Samantha,Grant,NatureBox,5417129073,samantha.grant@naturebox.com,2
KeitN,Keith,North,Vitagene,4608944614,keith.north@vitagene.com,4
JoshuB,Joshua,Ball,Helix,7372622846,joshua.ball@helix.com,3
IaL,Ian,Lyman,Lonza,7574302410,ian.lyman@lonza.com,3
WendB,Wendy,Butler,NatureBox,3367890139,wendy.butler@naturebox.com,1
BernadettD,Bernadette,Dyer,Vitagene,3584883620,bernadette.dyer@vitagene.com,2
SaR,Sam,Russell,Helix,3137324070,sam.russell@helix.com,5
StepheH,Stephen,Howard,Lonza,4724899629,stephen.howard@lonza.com,1
WarreH,Warren,Hamilton,NatureBox,6068508276,warren.hamilton@naturebox.com,3
SebastiaO,Sebastian,Oliver,Vitagene,7988834846,sebastian.oliver@vitagene.com,2
BlakU,Blake,Underwood,Helix,5087033496,blake.underwood@helix.com,3
CarolyM,Carolyn,Manning,Lonza,4367107757,carolyn.manning@lonza.com,2
EllS,Ella,Springer,NatureBox,7147615598,ella.springer@naturebox.com,4
JonathaL,Jonathan,Lyman,Vitagene,8728200270,jonathan.lyman@vitagene.com,3
ChristopheS,Christopher,Smith,Helix,5169616840,christopher.smith@helix.com,2
MatT,Matt,Terry,Lonza,5374467496,matt.terry@lonza.com,4
HannaP,Hannah,Parr,Vitagene,5269851093,hannah.parr@vitagene.com,2
BernadettC,Bernadette,Clark,Helix,7954659768,bernadette.clark@helix.com,4
EmilP,Emily,Paige,Lonza,8835803984,emily.paige@lonza.com,6
ZoH,Zoe,Henderson,NatureBox,9778359942,zoe.henderson@naturebox.com,6
MichaeA,Michael,Avery,Vitagene,5198896689,michael.avery@vitagene.com,3
SuP,Sue,Paterson,Helix,6354905710,sue.paterson@helix.com,1
JacoV,Jacob,Vance,Lonza,9455986084,jacob.vance@lonza.com,4
MarF,Mary,Ferguson,NatureBox,6176435131,mary.ferguson@naturebox.com,3
NataliM,Natalie,Morrison,Vitagene,8698856764,natalie.morrison@vitagene.com,4
EmilE,Emily,Ellison,Helix,2525324673,emily.ellison@helix.com,2
JameH,James,Hardacre,Lonza,6189498722,james.hardacre@lonza.com,6
