username,firstname,lastname,email,phonenumber,streetname,unitno,city,state,zipcode
AmV,Amy,Vance,amy.vance@gmail.com,5555960220,Park Street,1,boston,massachuetts,533104
GracC,Grace,Clark,grace.clark@gmail.com,7876946923,5th Street,3,quincy,massachuetts,533105
TheresD,Theresa,Davidson,theresa.davidson@gmail.com,7737772571,Academy Street,4,hampshire,new hampshire,533106
BernadettH,Bernadette,Howard,bernadette.howard@gmail.com,5958278571,Cemetery Road,5,maine,maine,533107
RyaM,Ryan,MacDonald,ryan.macdonald@gmail.com,7882016421,Mechanic Street,5,brighton,massachuetts,533108
KatherinB,Katherine,Butler,katherine.butler@gmail.com,5479870981,Bridle Lane,6,atlantic city,new york,533109
SamanthB,Samantha,Buckland,samantha.buckland@gmail.com,5867374623,Church Street,21,maine,maine,533110
LaureO,Lauren,Oliver,lauren.oliver@gmail.com,6033108767,5th Street West,23,miami,florida,533111
EllG,Ella,Greene,ella.greene@gmail.com,2276482139,Mulberry Street,12,clemson,south carolina,533112
JustiR,Justin,Rees,justin.rees@gmail.com,2223194788,Maple Avenue,1,boston,massachuetts,533113
MegaP,Megan,Pullman,megan.pullman@gmail.com,7515044073,Devonshire Drive,3,quincy,massachuetts,533114
EmmC,Emma,Cameron,emma.cameron@gmail.com,3914403564,2nd Street West,4,hampshire,new hampshire,533115
TheresH,Theresa,Hill,theresa.hill@gmail.com,7807258623,Park Street,5,maine,maine,533116
JakS,Jake,Sharp,jake.sharp@gmail.com,3809525027,6th Street,5,brighton,massachuetts,533117
PippV,Pippa,Vance,pippa.vance@gmail.com,5164557626,Academy Street,6,atlantic city,new york,533118
SeaS,Sean,Stewart,sean.stewart@gmail.com,8897421213,Cemetery Road,21,maine,maine,533119
ClairV,Claire,Vaughan,claire.vaughan@gmail.com,6146513148,Mechanic Street,23,miami,florida,533120
EmmN,Emma,North,emma.north@gmail.com,6038405157,Bridle Lane,12,clemson,south carolina,533121
EmilM,Emily,Metcalfe,emily.metcalfe@gmail.com,2462461169,Church Street,1,boston,massachuetts,533122
JoaP,Joan,Paige,joan.paige@gmail.com,9069823109,6th Street West,3,quincy,massachuetts,533123
ConnoC,Connor,Clarkson,connor.clarkson@gmail.com,9618567370,Mulberry Street,4,hampshire,new hampshire,533124
TrevoP,Trevor,Piper,trevor.piper@gmail.com,8937276940,Maple Avenue,5,maine,maine,533125
NataliT,Natalie,Thomson,natalie.thomson@gmail.com,4965356223,Devonshire Drive,5,brighton,massachuetts,533126
HarrP,Harry,Payne,harry.payne@gmail.com,6789814130,3rd Street West,6,atlantic city,new york,533127
MollY,Molly,Young,molly.young@gmail.com,6026753787,Park Street,21,maine,maine,533128
EmmK,Emma,Kerr,emma.kerr@gmail.com,5438268844,7th Street,23,miami,florida,533129
AdaS,Adam,Sharp,adam.sharp@gmail.com,9468222040,Academy Street,12,clemson,south carolina,533130
RutJ,Ruth,Jones,ruth.jones@gmail.com,9905619338,Cemetery Road,1,boston,massachuetts,533131
NicholaC,Nicholas,Churchill,nicholas.churchill@gmail.com,4583272533,Mechanic Street,3,quincy,massachuetts,533132
IrenD,Irene,Dickens,irene.dickens@gmail.com,5765903887,Bridle Lane,4,hampshire,new hampshire,533133
PhiS,Phil,Short,phil.short@gmail.com,8834569601,Church Street,5,maine,maine,533134
LilliaS,Lillian,Scott,lillian.scott@gmail.com,4298541709,7th Street West,5,brighton,massachuetts,533135
StephaniN,Stephanie,Nash,stephanie.nash@gmail.com,7129971652,Mulberry Street,6,atlantic city,new york,533136
HeatheP,Heather,Paterson,heather.paterson@gmail.com,3793611015,Maple Avenue,21,maine,maine,533137
AudreS,Audrey,Smith,audrey.smith@gmail.com,7932654689,Devonshire Drive,23,miami,florida,533138
StepheP,Stephen,Peake,stephen.peake@gmail.com,9885433542,4th Street West,12,clemson,south carolina,533139
ChloC,Chloe,Cornish,chloe.cornish@gmail.com,7979134232,Park Street,1,boston,massachuetts,533140
WarreH,Warren,Hughes,warren.hughes@gmail.com,2533252123,8th Street,3,quincy,massachuetts,533141
ZoM,Zoe,McDonald,zoe.mcdonald@gmail.com,5995004699,Academy Street,4,hampshire,new hampshire,533142
ChristiaL,Christian,Lyman,christian.lyman@gmail.com,7315139930,Cemetery Road,5,maine,maine,533143
PeteG,Peter,Greene,peter.greene@gmail.com,3448110608,Mechanic Street,5,brighton,massachuetts,533144
AbigaiJ,Abigail,James,abigail.james@gmail.com,6817292272,Bridle Lane,6,atlantic city,new york,533145
OliveS,Oliver,Sanderson,oliver.sanderson@gmail.com,5508883699,Church Street,21,maine,maine,533146
JennifeB,Jennifer,Bower,jennifer.bower@gmail.com,6218296680,8th Street West,23,miami,florida,533147
ChristiaF,Christian,Forsyth,christian.forsyth@gmail.com,9862156637,Mulberry Street,12,clemson,south carolina,533148
DominiM,Dominic,McDonald,dominic.mcdonald@gmail.com,9242039343,Maple Avenue,1,boston,massachuetts,533149
SaraJ,Sarah,Johnston,sarah.johnston@gmail.com,6245186172,Devonshire Drive,3,quincy,massachuetts,533150
NeiB,Neil,Berry,neil.berry@gmail.com,8866205778,5th Street West,4,hampshire,new hampshire,533151
NataliK,Natalie,Kerr,natalie.kerr@gmail.com,4205624163,Park Street,5,maine,maine,533152
OweM,Owen,Metcalfe,owen.metcalfe@gmail.com,3398291823,9th Street,5,brighton,massachuetts,533153
AndreB,Andrea,Brown,andrea.brown@gmail.com,6693392991,Academy Street,6,atlantic city,new york,533154
MaB,Max,Ball,max.ball@gmail.com,3403978545,Cemetery Road,21,maine,maine,533155
DianA,Diana,Arnold,diana.arnold@gmail.com,6008346982,Mechanic Street,23,miami,florida,533156
PhiP,Phil,Pullman,phil.pullman@gmail.com,2658504350,Bridle Lane,12,clemson,south carolina,533157
PenelopR,Penelope,Rees,penelope.rees@gmail.com,3826085766,Church Street,1,boston,massachuetts,533158
SaK,Sam,Knox,sam.knox@gmail.com,9777280505,9th Street West,3,quincy,massachuetts,533159
SophiS,Sophie,Sanderson,sophie.sanderson@gmail.com,8938869292,Mulberry Street,4,hampshire,new hampshire,533160
SoniM,Sonia,Morgan,sonia.morgan@gmail.com,4339740030,Maple Avenue,5,maine,maine,533161
CameroU,Cameron,Underwood,cameron.underwood@gmail.com,3989914331,Devonshire Drive,5,brighton,massachuetts,533162
NicholaH,Nicholas,Hemmings,nicholas.hemmings@gmail.com,3406859335,6th Street West,6,atlantic city,new york,533163
JameG,James,Glover,james.glover@gmail.com,5128922561,Park Street,21,maine,maine,533164
FranB,Frank,Burgess,frank.burgess@gmail.com,4208857840,10th Street,23,miami,florida,533165
LilliaL,Lillian,Langdon,lillian.langdon@gmail.com,9529718143,Academy Street,12,clemson,south carolina,533166
CameroN,Cameron,North,cameron.north@gmail.com,2022890692,Cemetery Road,1,boston,massachuetts,533167
MollB,Molly,Berry,molly.berry@gmail.com,9256610199,Mechanic Street,3,quincy,massachuetts,533168
NataliS,Natalie,Springer,natalie.springer@gmail.com,6172454697,Bridle Lane,4,hampshire,new hampshire,533169
BriaP,Brian,Parr,brian.parr@gmail.com,8573829834,Church Street,5,maine,maine,533170
EmilM,Emily,May,emily.may@gmail.com,5254075466,10th Street West,5,brighton,massachuetts,533171
AustiK,Austin,Knox,austin.knox@gmail.com,3177850344,Mulberry Street,6,atlantic city,new york,533172
RacheM,Rachel,Murray,rachel.murray@gmail.com,2257589970,Maple Avenue,21,maine,maine,533173
ChristopheJ,Christopher,Jackson,christopher.jackson@gmail.com,8607218839,Devonshire Drive,23,miami,florida,533174
JaD,Jan,Dowd,jan.dowd@gmail.com,3216135379,7th Street West,12,clemson,south carolina,533175
KatherinG,Katherine,Graham,katherine.graham@gmail.com,4586096112,Park Street,1,boston,massachuetts,533176
GaviC,Gavin,Coleman,gavin.coleman@gmail.com,6105323035,11th Street,3,quincy,massachuetts,533177
StewarM,Stewart,Mills,stewart.mills@gmail.com,4125714968,Academy Street,4,hampshire,new hampshire,533178
ChristiaM,Christian,Morrison,christian.morrison@gmail.com,2766503903,Cemetery Road,5,maine,maine,533179
SteveB,Steven,Brown,steven.brown@gmail.com,5042116066,Mechanic Street,5,brighton,massachuetts,533180
CarH,Carl,Hill,carl.hill@gmail.com,2792169318,Bridle Lane,6,atlantic city,new york,533181
ThomaY,Thomas,Young,thomas.young@gmail.com,7152610213,Church Street,21,maine,maine,533182
ChristiaR,Christian,Rutherford,christian.rutherford@gmail.com,9739944862,11th Street West,23,miami,florida,533183
AdaK,Adam,Kelly,adam.kelly@gmail.com,8786491347,Mulberry Street,12,clemson,south carolina,533184
ThomaH,Thomas,Harris,thomas.harris@gmail.com,5674802935,Maple Avenue,1,boston,massachuetts,533185
KyliC,Kylie,Chapman,kylie.chapman@gmail.com,3754910220,Devonshire Drive,3,quincy,massachuetts,533186
LucaG,Lucas,Gibson,lucas.gibson@gmail.com,5626024074,8th Street West,4,hampshire,new hampshire,533187
PhiK,Phil,Knox,phil.knox@gmail.com,2782328515,Park Street,5,maine,maine,533188
LukC,Luke,Chapman,luke.chapman@gmail.com,9028177320,12th Street,5,brighton,massachuetts,533189
YvonnN,Yvonne,Nolan,yvonne.nolan@gmail.com,7832656530,Academy Street,6,atlantic city,new york,533190
ElizabetN,Elizabeth,North,elizabeth.north@gmail.com,7827111685,Cemetery Road,21,maine,maine,533191
LisS,Lisa,Simpson,lisa.simpson@gmail.com,5977463986,Mechanic Street,23,miami,florida,533192
DonnM,Donna,May,donna.may@gmail.com,9692561526,Bridle Lane,12,clemson,south carolina,533193
SeaM,Sean,McGrath,sean.mcgrath@gmail.com,9385825698,Church Street,1,boston,massachuetts,533194
SaraM,Sarah,Morgan,sarah.morgan@gmail.com,8609429485,12th Street West,3,quincy,massachuetts,533195
BriaS,Brian,Slater,brian.slater@gmail.com,6259840090,Mulberry Street,4,hampshire,new hampshire,533196
KeviA,Kevin,Alsop,kevin.alsop@gmail.com,8032019810,Maple Avenue,5,maine,maine,533197
AndreG,Andrew,Graham,andrew.graham@gmail.com,9906956109,Devonshire Drive,5,brighton,massachuetts,533198
DaviB,David,Baker,david.baker@gmail.com,7375233175,9th Street West,6,atlantic city,new york,533199
AudreP,Audrey,Powell,audrey.powell@gmail.com,7555563052,Park Street,21,maine,maine,533200
DylaA,Dylan,Arnold,dylan.arnold@gmail.com,6543773744,13th Street,23,miami,florida,533201
PierH,Piers,Howard,piers.howard@gmail.com,8564580380,Academy Street,12,clemson,south carolina,533202
SallL,Sally,Langdon,sally.langdon@gmail.com,7707359043,Cemetery Road,24,boston,massachuetts,533203
KyliB,Kylie,Ball,kylie.ball@gmail.com,7877080272,12th Street West,2,clemson,south carolina,533204
FaitS,Faith,Springer,faith.springer@gmail.com,9597655328,Mulberry Street,1,boston,massachuetts,533205
RosY,Rose,Young,rose.young@gmail.com,5936798482,Maple Avenue,2,quincy,massachuetts,533206
PippT,Pippa,Terry,pippa.terry@gmail.com,3577544632,Devonshire Drive,3,hampshire,new hampshire,533207
MichaeG,Michael,Glover,michael.glover@gmail.com,8265578056,9th Street West,4,maine,maine,533208
FelicitW,Felicity,Walker,felicity.walker@gmail.com,9625772549,Park Street,5,brighton,massachuetts,533209
MarN,Mary,Nash,mary.nash@gmail.com,3662431995,13th Street,6,atlantic city,new york,533210
LaureR,Lauren,Reid,lauren.reid@gmail.com,9796944677,Academy Street,7,maine,maine,533211
MaW,Max,White,max.white@gmail.com,3545738659,Cemetery Road,8,miami,florida,533212
JacoL,Jacob,Lambert,jacob.lambert@gmail.com,2883736529,12th Street West,9,clemson,south carolina,533213
CarH,Carl,Henderson,carl.henderson@gmail.com,2703097538,Mulberry Street,10,boston,massachuetts,533214
JoannG,Joanne,Gill,joanne.gill@gmail.com,7898995742,Maple Avenue,11,clemson,south carolina,533215
YvonnS,Yvonne,Short,yvonne.short@gmail.com,3288236609,Devonshire Drive,12,boston,massachuetts,533216
TrevoB,Trevor,Burgess,trevor.burgess@gmail.com,3965463223,9th Street West,13,quincy,massachuetts,533217
ZoH,Zoe,Henderson,zoe.henderson@gmail.com,6513406194,Park Street,14,hampshire,new hampshire,533218
FelicitL,Felicity,Lambert,felicity.lambert@gmail.com,2942048686,13th Street,15,clemson,south carolina,533219
DonnT,Donna,Tucker,donna.tucker@gmail.com,8254378855,Academy Street,16,boston,massachuetts,533220
JoaS,Joan,Stewart,joan.stewart@gmail.com,8697834210,Cemetery Road,17,quincy,massachuetts,533221
WandI,Wanda,Ince,wanda.ince@gmail.com,5404204234,12th Street West,18,hampshire,new hampshire,533222
PeteJ,Peter,James,peter.james@gmail.com,6232325788,Mulberry Street,19,maine,maine,533223
AdaU,Adam,Underwood,adam.underwood@gmail.com,3372013103,Maple Avenue,20,brighton,massachuetts,533224
StepheM,Stephen,McLean,stephen.mclean@gmail.com,2599778711,Devonshire Drive,21,atlantic city,new york,533225
KatherinJ,Katherine,Jackson,katherine.jackson@gmail.com,2579288349,9th Street West,22,maine,maine,533226
JustiM,Justin,Mackenzie,justin.mackenzie@gmail.com,5123041896,Park Street,23,miami,florida,533227
KyliW,Kylie,Wilkins,kylie.wilkins@gmail.com,7098260653,13th Street,24,clemson,south carolina,533228
SaS,Sam,Sanderson,sam.sanderson@gmail.com,2958629211,Academy Street,25,boston,massachuetts,533229
FaitE,Faith,Edmunds,faith.edmunds@gmail.com,5347463656,Cemetery Road,26,clemson,south carolina,533230
DeirdrT,Deirdre,Tucker,deirdre.tucker@gmail.com,7052976710,Academy Street,27,boston,massachuetts,533231
GabriellL,Gabrielle,Lyman,gabrielle.lyman@gmail.com,8555789109,Cemetery Road,28,quincy,massachuetts,533232
JameA,James,Anderson,james.anderson@gmail.com,2147550665,13th Street West,29,hampshire,new hampshire,533233
AmP,Amy,Peake,amy.peake@gmail.com,6553636117,Mulberry Street,30,maine,maine,533234
PeteE,Peter,Ellison,peter.ellison@gmail.com,4296617307,Maple Avenue,31,brighton,massachuetts,533235
JasoH,Jason,Hill,jason.hill@gmail.com,9467023360,Devonshire Drive,32,atlantic city,new york,533236
CarolinS,Caroline,Sutherland,caroline.sutherland@gmail.com,5523557948,10th Street West,33,maine,maine,533237
LeonarV,Leonard,Vance,leonard.vance@gmail.com,7955425522,Park Street,34,miami,florida,533238
PenelopN,Penelope,Newman,penelope.newman@gmail.com,3419245338,14th Street,35,clemson,south carolina,533239
ClairH,Claire,Henderson,claire.henderson@gmail.com,2494282519,Academy Street,36,boston,massachuetts,533240
AmandS,Amanda,Slater,amanda.slater@gmail.com,5748315252,Cemetery Road,37,clemson,south carolina,533241
EdwarS,Edward,Short,edward.short@gmail.com,7074222588,Academy Street,38,boston,massachuetts,533242
KareW,Karen,Watson,karen.watson@gmail.com,9928739949,Cemetery Road,39,quincy,massachuetts,533243
DianS,Diane,Scott,diane.scott@gmail.com,7666077982,14th Street West,40,hampshire,new hampshire,533244
AdaB,Adam,Bond,adam.bond@gmail.com,2737860569,Mulberry Street,41,clemson,south carolina,533245
NicholaW,Nicholas,White,nicholas.white@gmail.com,5818407857,Maple Avenue,42,boston,massachuetts,533246
SuF,Sue,Ferguson,sue.ferguson@gmail.com,5184316215,Devonshire Drive,43,quincy,massachuetts,533247
PenelopM,Penelope,Mills,penelope.mills@gmail.com,6165621793,11th Street West,44,hampshire,new hampshire,533248
MatM,Matt,Mathis,matt.mathis@gmail.com,7445694418,Park Street,45,maine,maine,533249
FelicitM,Felicity,Miller,felicity.miller@gmail.com,7713769359,15th Street,46,brighton,massachuetts,533250
PhiM,Phil,Mackay,phil.mackay@gmail.com,7106015649,Academy Street,47,atlantic city,new york,533251
SuC,Sue,Cornish,sue.cornish@gmail.com,4092609127,Cemetery Road,48,maine,maine,533252
AvH,Ava,Hardacre,ava.hardacre@gmail.com,9623211346,Academy Street,49,miami,florida,533253
RutS,Ruth,Smith,ruth.smith@gmail.com,7839961687,Cemetery Road,50,clemson,south carolina,533254
IrenN,Irene,North,irene.north@gmail.com,7327790772,15th Street West,51,boston,massachuetts,533255
LeonarC,Leonard,Clark,leonard.clark@gmail.com,3236326046,Mulberry Street,52,clemson,south carolina,533256
EvaG,Evan,Gibson,evan.gibson@gmail.com,9979037304,Maple Avenue,53,boston,massachuetts,533257
BernadettL,Bernadette,Lewis,bernadette.lewis@gmail.com,5656039701,Devonshire Drive,54,quincy,massachuetts,533258
JoaR,Joan,Rampling,joan.rampling@gmail.com,5588360735,12th Street West,55,hampshire,new hampshire,533259
LilS,Lily,Sutherland,lily.sutherland@gmail.com,4785098462,Park Street,56,maine,maine,533260
DianS,Diana,Stewart,diana.stewart@gmail.com,6894934565,16th Street,57,brighton,massachuetts,533261
LeaL,Leah,Lyman,leah.lyman@gmail.com,3174750258,Academy Street,58,atlantic city,new york,533262
RoberM,Robert,Mackenzie,robert.mackenzie@gmail.com,5207134740,Cemetery Road,59,maine,maine,533263
KareH,Karen,Harris,karen.harris@gmail.com,2124331038,Academy Street,60,miami,florida,533264
NataliG,Natalie,Greene,natalie.greene@gmail.com,2279475983,Cemetery Road,61,clemson,south carolina,533265
AvE,Ava,Ellison,ava.ellison@gmail.com,2552986636,16th Street West,62,boston,massachuetts,533266
AmandB,Amanda,Bailey,amanda.bailey@gmail.com,5259483339,Mulberry Street,63,clemson,south carolina,533267
JakH,Jake,Hunter,jake.hunter@gmail.com,2628513359,Maple Avenue,64,boston,massachuetts,533268
EdwarT,Edward,Terry,edward.terry@gmail.com,8114144662,Devonshire Drive,65,quincy,massachuetts,533269
VictoriR,Victoria,Rampling,victoria.rampling@gmail.com,7149465154,13th Street West,66,hampshire,new hampshire,533270
PauR,Paul,Ross,paul.ross@gmail.com,2547818116,Park Street,67,clemson,south carolina,533271
NathaC,Nathan,Cornish,nathan.cornish@gmail.com,7358260524,17th Street,68,boston,massachuetts,533272
JoannM,Joanne,Mills,joanne.mills@gmail.com,6613422616,Academy Street,69,quincy,massachuetts,533273
KatherinF,Katherine,Ferguson,katherine.ferguson@gmail.com,8865371585,Cemetery Road,70,hampshire,new hampshire,533274
RacheR,Rachel,Russell,rachel.russell@gmail.com,6115653674,Academy Street,71,maine,maine,533275
MollR,Molly,Russell,molly.russell@gmail.com,3266031455,Cemetery Road,72,brighton,massachuetts,533276
AudreW,Audrey,Watson,audrey.watson@gmail.com,8429039726,17th Street West,73,atlantic city,new york,533277
IrenW,Irene,Watson,irene.watson@gmail.com,5749788496,Mulberry Street,74,maine,maine,533278
MadeleinC,Madeleine,Coleman,madeleine.coleman@gmail.com,4402709435,Maple Avenue,75,miami,florida,533279
FelicitC,Felicity,Chapman,felicity.chapman@gmail.com,3019642132,Devonshire Drive,76,clemson,south carolina,533280
WilliaC,William,Cornish,william.cornish@gmail.com,8899326365,14th Street West,77,boston,massachuetts,533281
ZoC,Zoe,Campbell,zoe.campbell@gmail.com,6932624704,Park Street,78,clemson,south carolina,533282
JennifeT,Jennifer,Taylor,jennifer.taylor@gmail.com,8175362468,18th Street,79,boston,massachuetts,533283
IaE,Ian,Ellison,ian.ellison@gmail.com,4217796121,Academy Street,80,quincy,massachuetts,533284
SebastiaM,Sebastian,Mackenzie,sebastian.mackenzie@gmail.com,7976491812,Cemetery Road,81,hampshire,new hampshire,533285
MegaH,Megan,Hunter,megan.hunter@gmail.com,9148540200,Academy Street,82,maine,maine,533286
AdaN,Adam,North,adam.north@gmail.com,6704392741,Cemetery Road,83,brighton,massachuetts,533287
DianL,Diana,Lewis,diana.lewis@gmail.com,9703506652,18th Street West,84,atlantic city,new york,533288
LaureR,Lauren,Russell,lauren.russell@gmail.com,3147778085,Mulberry Street,85,maine,maine,533289
AngelD,Angela,Dowd,angela.dowd@gmail.com,8033244396,Maple Avenue,86,miami,florida,533290
TheresF,Theresa,Ferguson,theresa.ferguson@gmail.com,3378229190,Devonshire Drive,87,clemson,south carolina,533291
SebastiaK,Sebastian,Knox,sebastian.knox@gmail.com,3023242414,15th Street West,88,boston,massachuetts,533292
JoaJ,Joan,Jackson,joan.jackson@gmail.com,2968086411,Park Street,89,clemson,south carolina,533293
VictoR,Victor,Robertson,victor.robertson@gmail.com,5332596112,19th Street,90,boston,massachuetts,533294
CharleW,Charles,Walsh,charles.walsh@gmail.com,5564485882,Academy Street,91,quincy,massachuetts,533295
AvR,Ava,Rees,ava.rees@gmail.com,5172319536,Cemetery Road,92,hampshire,new hampshire,533296
CameroG,Cameron,Glover,cameron.glover@gmail.com,5343180773,Academy Street,93,clemson,south carolina,533297
PauA,Paul,Allan,paul.allan@gmail.com,9012961516,Cemetery Road,94,boston,massachuetts,533298
ColiG,Colin,Grant,colin.grant@gmail.com,2314898362,19th Street West,95,quincy,massachuetts,533299
CarolyF,Carolyn,Ferguson,carolyn.ferguson@gmail.com,9322098368,Mulberry Street,96,hampshire,new hampshire,533300
DominiH,Dominic,Hodges,dominic.hodges@gmail.com,3154310064,Maple Avenue,97,maine,maine,533301
RicharS,Richard,Sharp,richard.sharp@gmail.com,5543757475,Devonshire Drive,98,brighton,massachuetts,533302
MatB,Matt,Berry,matt.berry@gmail.com,8375276326,16th Street West,99,atlantic city,new york,533303
